id,icon_link,name
1,https://cdn-icons-png.flaticon.com/128/1384/1384739.png,Air sports
2,https://cdn-icons-png.flaticon.com/128/17153/17153990.png,Airsoft
3,,Amateur geology
4,,Amusement park visiting
5,https://cdn-icons-png.flaticon.com/128/2827/2827022.png,Archery
6,https://cdn-icons-png.flaticon.com/128/4856/4856365.png,Auto detailing
7,https://cdn-icons-png.flaticon.com/128/3626/3626927.png,Automobilism
8,https://cdn-icons-png.flaticon.com/128/1283/1283488.png,Astronomy
9,https://cdn-icons-png.flaticon.com/128/18466/18466148.png,Backpacking
10,https://cdn-icons-png.flaticon.com/128/2633/2633871.png,Badminton
11,https://cdn-icons-png.flaticon.com/128/17873/17873801.png,BASE jumping
12,https://cdn-icons-png.flaticon.com/128/18660/18660622.png,Baseball
13,https://cdn-icons-png.flaticon.com/128/18660/18660626.png,Basketball
14,,Beachcombing
15,https://cdn-icons-png.flaticon.com/128/5493/5493038.png,Beekeeping
16,https://cdn-icons-png.flaticon.com/128/6105/6105166.png,Birdwatching
17,https://cdn-icons-png.flaticon.com/128/3943/3943605.png,Blacksmithing
18,https://cdn-icons-png.flaticon.com/128/2503/2503373.png,BMX
19,https://cdn-icons-png.flaticon.com/128/7469/7469316.png,Board sports
20,https://cdn-icons-png.flaticon.com/128/6669/6669674.png,Bodybuilding
21,https://cdn-icons-png.flaticon.com/128/16932/16932136.png,Bus riding
22,https://cdn-icons-png.flaticon.com/128/1020/1020535.png,Camping
23,https://cdn-icons-png.flaticon.com/128/3639/3639633.png,Canoeing
24,https://cdn-icons-png.flaticon.com/128/11145/11145653.png,Canyoning
25,https://cdn-icons-png.flaticon.com/128/3664/3664321.png,Carrier pigeons
26,https://cdn-icons-png.flaticon.com/128/15764/15764597.png,Car riding
27,https://cdn-icons-png.flaticon.com/128/4750/4750986.png,Car tuning
28,https://cdn-icons-png.flaticon.com/128/1059/1059496.png,Caving
29,https://cdn-icons-png.flaticon.com/128/2603/2603724.png,City trip
30,https://cdn-icons-png.flaticon.com/128/1142/1142682.png,Climbing
31,https://cdn-icons-png.flaticon.com/128/4660/4660792.png,Composting
32,https://cdn-icons-png.flaticon.com/128/6037/6037905.png,Croquet
33,https://cdn-icons-png.flaticon.com/128/2926/2926927.png,Cycling
34,https://cdn-icons-png.flaticon.com/128/3024/3024313.png,Dairy Farming
35,,Dandyism
36,https://cdn-icons-png.flaticon.com/128/3176/3176382.png,Darts
37,https://cdn-icons-png.flaticon.com/128/3490/3490955.png,Dodgeball
38,https://cdn-icons-png.flaticon.com/128/3048/3048404.png,Dog training
39,https://cdn-icons-png.flaticon.com/128/3827/3827181.png,Dog walking
40,,Dowsing
41,https://cdn-icons-png.flaticon.com/128/3410/3410350.png,Driving
42,https://cdn-icons-png.flaticon.com/128/5341/5341391.png,Farming
43,https://cdn-icons-png.flaticon.com/128/1886/1886614.png,Fishing
44,https://cdn-icons-png.flaticon.com/128/9192/9192640.png,Flag football
45,https://cdn-icons-png.flaticon.com/128/1906/1906867.png,Flower growing
46,https://cdn-icons-png.flaticon.com/128/2849/2849905.png,Flying
47,https://cdn-icons-png.flaticon.com/128/14022/14022075.png,Flying disc
48,,Flying model planes
49,https://cdn-icons-png.flaticon.com/128/459/459829.png,Foraging
50,,Fossicking
51,https://cdn-icons-png.flaticon.com/128/984/984261.png,Freestyle football
52,https://cdn-icons-png.flaticon.com/128/15049/15049387.png,Fruit picking
53,https://cdn-icons-png.flaticon.com/128/18633/18633365.png,Gardening
54,https://cdn-icons-png.flaticon.com/128/854/854878.png,Geocaching
55,https://cdn-icons-png.flaticon.com/128/1752/1752803.png,Ghost hunting
56,,Gold prospecting
57,https://cdn-icons-png.flaticon.com/128/2919/2919758.png,Graffiti
58,,Groundhopping
59,https://cdn-icons-png.flaticon.com/128/10434/10434480.png,Guerrilla gardening
60,https://cdn-icons-png.flaticon.com/128/1803/1803373.png,Gymnastics
61,https://cdn-icons-png.flaticon.com/128/6836/6836853.png,Handball
62,https://cdn-icons-png.flaticon.com/128/2382/2382579.png,Herbalism
63,https://cdn-icons-png.flaticon.com/128/7350/7350791.png,Herping
64,,High-power rocketry
65,https://cdn-icons-png.flaticon.com/128/1974/1974052.png,Hiking
66,https://cdn-icons-png.flaticon.com/128/10809/10809204.png,Hobby tunneling
67,https://cdn-icons-png.flaticon.com/128/11698/11698839.png,Hooping
68,https://cdn-icons-png.flaticon.com/128/16932/16932218.png,Horseback riding
69,https://cdn-icons-png.flaticon.com/128/784/784387.png,Hunting
70,https://cdn-icons-png.flaticon.com/128/17696/17696853.png,Inline skating
71,https://cdn-icons-png.flaticon.com/128/7411/7411535.png,Jogging
72,https://cdn-icons-png.flaticon.com/128/2133/2133878.png,Jumping rope
73,https://cdn-icons-png.flaticon.com/128/1506/1506345.png,Karting
74,https://cdn-icons-png.flaticon.com/128/3087/3087201.png,Kayaking
75,https://cdn-icons-png.flaticon.com/128/2228/2228452.png,Kite flying
76,https://cdn-icons-png.flaticon.com/128/16438/16438096.png,Kitesurfing
77,https://cdn-icons-png.flaticon.com/128/2633/2633985.png,Lacrosse
78,,LARPing
79,https://cdn-icons-png.flaticon.com/128/4439/4439763.png,Letterboxing
80,https://cdn-icons-png.flaticon.com/128/4802/4802716.png,Lomography
81,https://cdn-icons-png.flaticon.com/128/7661/7661325.png,Longboarding
82,https://cdn-icons-png.flaticon.com/128/6314/6314932.png,Martial arts
83,https://cdn-icons-png.flaticon.com/128/1164/1164222.png,Magnet fishing
84,https://cdn-icons-png.flaticon.com/128/10226/10226000.png,Metal detecting
85,https://cdn-icons-png.flaticon.com/128/6556/6556429.png,Motorcycling
86,https://cdn-icons-png.flaticon.com/128/6037/6037755.png,Meteorology
87,https://cdn-icons-png.flaticon.com/128/1048/1048334.png,Motor sports
88,https://cdn-icons-png.flaticon.com/128/788/788043.png,Mountain biking
89,https://cdn-icons-png.flaticon.com/128/1171/1171260.png,Mountaineering
90,https://cdn-icons-png.flaticon.com/128/6447/6447138.png,Museum visiting
91,,Mushroom hunting/mycology
92,https://cdn-icons-png.flaticon.com/128/667/667546.png,Netball
93,https://cdn-icons-png.flaticon.com/128/3041/3041130.png,Noodling
94,https://cdn-icons-png.flaticon.com/128/10600/10600167.png,Nordic skating
95,https://cdn-icons-png.flaticon.com/128/4248/4248245.png,Orienteering
96,https://cdn-icons-png.flaticon.com/128/3547/3547856.png,Paintball
97,https://cdn-icons-png.flaticon.com/128/2503/2503510.png,Paragliding
98,https://cdn-icons-png.flaticon.com/128/17873/17873813.png,Parkour
99,https://cdn-icons-png.flaticon.com/128/461/461823.png,Photography
100,https://cdn-icons-png.flaticon.com/128/16117/16117715.png,Pickleball
101,https://cdn-icons-png.flaticon.com/128/1965/1965140.png,Picnicking
102,https://cdn-icons-png.flaticon.com/128/3742/3742679.png,Podcast hosting
103,https://cdn-icons-png.flaticon.com/128/3409/3409038.png,Polo
104,https://cdn-icons-png.flaticon.com/128/16902/16902965.png,Powerlifting
105,https://cdn-icons-png.flaticon.com/128/3445/3445231.png,Public transport riding
106,https://cdn-icons-png.flaticon.com/128/5147/5147188.png,Qigong
107,,Radio-controlled model playing
108,https://cdn-icons-png.flaticon.com/128/9041/9041787.png,Rafting
109,https://cdn-icons-png.flaticon.com/128/15869/15869390.png,Railway journeys
110,https://cdn-icons-png.flaticon.com/128/9387/9387978.png,Railway modelling
111,https://cdn-icons-png.flaticon.com/128/3163/3163753.png,Rappelling
112,,Renaissance fair
113,https://cdn-icons-png.flaticon.com/128/2942/2942587.png,Renovating
114,https://cdn-icons-png.flaticon.com/128/3180/3180487.png,Road biking
115,https://cdn-icons-png.flaticon.com/128/4357/4357659.png,Rock climbing
116,https://cdn-icons-png.flaticon.com/128/925/925141.png,Rock painting
117,https://cdn-icons-png.flaticon.com/128/4357/4357666.png,Roller skating
118,,Roundnet
119,https://cdn-icons-png.flaticon.com/128/2972/2972028.png,Rugby
120,https://cdn-icons-png.flaticon.com/128/6265/6265854.png,Running
121,https://cdn-icons-png.flaticon.com/128/11369/11369301.png,Safari
122,https://cdn-icons-png.flaticon.com/128/3090/3090326.png,Sailing
123,https://cdn-icons-png.flaticon.com/128/2954/2954770.png,Sand art
124,https://cdn-icons-png.flaticon.com/128/2733/2733303.png,Scouting
125,https://cdn-icons-png.flaticon.com/128/3163/3163732.png,Scuba diving
126,,Sculling or rowing
127,https://cdn-icons-png.flaticon.com/128/5322/5322198.png,Shooting
128,https://cdn-icons-png.flaticon.com/128/2331/2331970.png,Shopping
129,https://cdn-icons-png.flaticon.com/128/12691/12691086.png,Shuffleboard
130,https://cdn-icons-png.flaticon.com/128/1048/1048312.png,Skateboarding
131,https://cdn-icons-png.flaticon.com/128/3163/3163769.png,Skiing
132,https://cdn-icons-png.flaticon.com/128/375/375379.png,Skimboarding
133,https://cdn-icons-png.flaticon.com/128/3714/3714445.png,Skydiving
134,https://cdn-icons-png.flaticon.com/128/6522/6522179.png,Slacklining
135,https://cdn-icons-png.flaticon.com/128/6273/6273805.png,Sledding
136,https://cdn-icons-png.flaticon.com/128/4890/4890813.png,Snorkeling
137,https://cdn-icons-png.flaticon.com/128/2503/2503541.png,Snowboarding
138,https://cdn-icons-png.flaticon.com/128/1403/1403952.png,Snowmobiling
139,https://cdn-icons-png.flaticon.com/128/3827/3827148.png,Snowshoeing
140,https://cdn-icons-png.flaticon.com/128/919/919471.png,Soccer
141,,Stone skipping
142,https://cdn-icons-png.flaticon.com/128/1809/1809765.png,Storm chasing
143,https://cdn-icons-png.flaticon.com/128/7121/7121155.png,Sun bathing
144,https://cdn-icons-png.flaticon.com/128/3090/3090316.png,Surfing
145,https://cdn-icons-png.flaticon.com/128/1830/1830788.png,Survivalism
146,https://cdn-icons-png.flaticon.com/128/2264/2264829.png,Swimming
147,https://cdn-icons-png.flaticon.com/128/11532/11532091.png,Table tennis playing
148,https://cdn-icons-png.flaticon.com/128/16245/16245565.png,Taekwondo
149,https://cdn-icons-png.flaticon.com/128/5147/5147188.png,Tai chi
150,https://cdn-icons-png.flaticon.com/128/9012/9012192.png,Tennis
151,,Thru-hiking
152,https://cdn-icons-png.flaticon.com/128/13504/13504904.png,Topiary
153,https://cdn-icons-png.flaticon.com/128/5333/5333722.png,Tourism
154,,Trade fair visiting
155,https://cdn-icons-png.flaticon.com/128/826/826070.png,Travel
156,https://cdn-icons-png.flaticon.com/128/835/835921.png,Unicycling
157,https://cdn-icons-png.flaticon.com/128/13447/13447453.png,Urban exploration
158,https://cdn-icons-png.flaticon.com/128/2664/2664593.png,Vacation
159,https://cdn-icons-png.flaticon.com/128/4251/4251938.png,Vegetable farming
160,https://cdn-icons-png.flaticon.com/128/12988/12988667.png,Vehicle restoration
161,https://cdn-icons-png.flaticon.com/128/6554/6554287.png,Videography
162,https://cdn-icons-png.flaticon.com/128/5496/5496293.png,Volleyball
163,https://cdn-icons-png.flaticon.com/128/3045/3045363.png,Volunteering
164,https://cdn-icons-png.flaticon.com/128/5147/5147215.png,Walking
165,https://cdn-icons-png.flaticon.com/128/6774/6774899.png,Water sports
166,https://cdn-icons-png.flaticon.com/128/18321/18321340.png,Zoo visiting
167,https://cdn-icons-png.flaticon.com/128/4125/4125987.png,Archaeology
168,https://cdn-icons-png.flaticon.com/128/1317/1317487.png,Architecture
169,https://cdn-icons-png.flaticon.com/128/5261/5261267.png,Animation
170,https://cdn-icons-png.flaticon.com/128/15189/15189270.png,Aerospace
171,https://cdn-icons-png.flaticon.com/128/2941/2941552.png,Biology
172,https://cdn-icons-png.flaticon.com/128/10510/10510915.png,Botany
173,https://cdn-icons-png.flaticon.com/128/3135/3135727.png,Business
174,https://cdn-icons-png.flaticon.com/128/2020/2020550.png,Chemistry
175,https://cdn-icons-png.flaticon.com/128/8653/8653376.png,Entrepreneurship
176,https://cdn-icons-png.flaticon.com/128/781/781760.png,Finance
177,https://cdn-icons-png.flaticon.com/128/2385/2385160.png,Geography
178,https://cdn-icons-png.flaticon.com/128/2682/2682065.png,History
179,https://cdn-icons-png.flaticon.com/128/9100/9100932.png,Linguistics
180,https://cdn-icons-png.flaticon.com/128/1321/1321029.png,Literature
181,https://cdn-icons-png.flaticon.com/128/7858/7858481.png,Mathematics
182,https://cdn-icons-png.flaticon.com/128/1157/1157001.png,Medical science
183,https://cdn-icons-png.flaticon.com/128/6037/6037883.png,Microbiology
184,https://cdn-icons-png.flaticon.com/128/8711/8711372.png,Mycology
185,,Myrmecology
186,https://cdn-icons-png.flaticon.com/128/16848/16848997.png,Neuroscience
187,https://cdn-icons-png.flaticon.com/128/4576/4576683.png,Philosophy
188,https://cdn-icons-png.flaticon.com/128/18778/18778780.png,Physics
189,https://cdn-icons-png.flaticon.com/128/4305/4305261.png,Psychology
190,,Railway studies
191,https://cdn-icons-png.flaticon.com/128/4634/4634814.png,Religious studies
192,,Research
193,https://cdn-icons-png.flaticon.com/128/11347/11347553.png,Science and technology studies
194,https://cdn-icons-png.flaticon.com/128/869/869196.png,Social studies
195,https://cdn-icons-png.flaticon.com/128/4515/4515654.png,Sociology
196,https://cdn-icons-png.flaticon.com/128/2103/2103473.png,Sports science
197,https://cdn-icons-png.flaticon.com/128/3986/3986035.png,Story writing
198,https://cdn-icons-png.flaticon.com/128/2746/2746332.png,Life science
199,https://cdn-icons-png.flaticon.com/128/5344/5344646.png,Teaching
200,https://cdn-icons-png.flaticon.com/128/1055/1055666.png,Web design
201,https://cdn-icons-png.flaticon.com/128/2061/2061956.png,engineering
202,,jurisprudential
203,https://cdn-icons-png.flaticon.com/128/5526/5526434.png,publishing
204,,Wikipedia editing
205,https://cdn-icons-png.flaticon.com/128/4321/4321132.png,Action figure
206,https://cdn-icons-png.flaticon.com/128/2919/2919219.png,Antiquing
207,,Ant-keeping
208,https://cdn-icons-png.flaticon.com/128/13096/13096917.png,Art collecting
209,https://cdn-icons-png.flaticon.com/128/16441/16441833.png,Book collecting
210,https://cdn-icons-png.flaticon.com/128/2854/2854514.png,Button collecting
211,,Cartophily (card collecting)
212,https://cdn-icons-png.flaticon.com/128/7191/7191374.png,Coin collecting
213,https://cdn-icons-png.flaticon.com/128/1459/1459240.png,Comic book collecting
214,https://cdn-icons-png.flaticon.com/128/1504/1504432.png,Compact discs
215,https://cdn-icons-png.flaticon.com/128/17703/17703041.png,Crystals
216,,Deltiology (postcard collecting)
217,,Die-cast toy
218,,Digital hoarding
219,https://cdn-icons-png.flaticon.com/128/8013/8013731.png,Dolls
220,https://cdn-icons-png.flaticon.com/128/17343/17343433.png,Element collecting
221,,Ephemera collecting
222,https://cdn-icons-png.flaticon.com/128/17115/17115411.png,Films
223,https://cdn-icons-png.flaticon.com/128/8392/8392599.png,Fingerprint collecting
224,,Fusilately (phonecard collecting)
225,https://cdn-icons-png.flaticon.com/128/14137/14137295.png,Knife collecting
226,,Lapel pins
227,,Lotology (lottery ticket collecting)
228,,Movie memorabilia collecting
229,,Notaphily (banknote collecting)
230,https://cdn-icons-png.flaticon.com/128/539/539518.png,Perfume
231,https://cdn-icons-png.flaticon.com/128/1729/1729065.png,Philately
232,,Phillumeny
233,,Radio-controlled model collecting
234,,Rail transport modelling
235,https://cdn-icons-png.flaticon.com/128/6283/6283105.png,Record collecting
236,,Rock tumbling
237,,Scutelliphily
238,https://cdn-icons-png.flaticon.com/128/1785/1785348.png,Shoes
239,https://cdn-icons-png.flaticon.com/128/3005/3005431.png,Slot car
240,https://cdn-icons-png.flaticon.com/128/17874/17874247.png,Sports memorabilia
241,https://cdn-icons-png.flaticon.com/128/8052/8052786.png,Stamp collecting
242,,Stuffed toy collecting
243,https://cdn-icons-png.flaticon.com/128/4689/4689361.png,Tea bag collecting
244,https://cdn-icons-png.flaticon.com/128/2570/2570517.png,Ticket collecting
245,,Transit map collecting
246,https://cdn-icons-png.flaticon.com/128/8463/8463120.png,Video game collecting
247,https://cdn-icons-png.flaticon.com/128/2579/2579632.png,Vintage cars
248,https://cdn-icons-png.flaticon.com/128/7223/7223203.png,Vintage clothing
249,https://cdn-icons-png.flaticon.com/128/1834/1834342.png,Vinyl records
250,https://cdn-icons-png.flaticon.com/128/2919/2919219.png,Antiquities
251,,Auto audiophilia
252,,Flower collecting and pressing
253,,Fossil hunting
254,https://cdn-icons-png.flaticon.com/128/2964/2964896.png,Insect collecting
255,https://cdn-icons-png.flaticon.com/128/18427/18427994.png,Leaves
256,https://cdn-icons-png.flaticon.com/128/981/981584.png,Mineral collecting
257,https://cdn-icons-png.flaticon.com/128/1806/1806399.png,Rock balancing
258,,Sea glass collecting
259,https://cdn-icons-png.flaticon.com/128/16452/16452506.png,Seashell collecting
260,,Stone collecting
261,https://cdn-icons-png.flaticon.com/128/556/556428.png,Air hockey
262,https://cdn-icons-png.flaticon.com/128/4716/4716303.png,Animal fancy
263,https://cdn-icons-png.flaticon.com/128/3548/3548900.png,Axe throwing
264,https://cdn-icons-png.flaticon.com/128/5127/5127348.png,Backgammon
265,https://cdn-icons-png.flaticon.com/128/2917/2917633.png,Baking
266,https://cdn-icons-png.flaticon.com/128/2251/2251946.png,Ballet dancing
267,https://cdn-icons-png.flaticon.com/128/9451/9451930.png,Ballroom dancing
268,https://cdn-icons-png.flaticon.com/128/8197/8197365.png,Baton twirling
269,,Beauty pageants
270,https://cdn-icons-png.flaticon.com/128/4295/4295446.png,Billiards
271,https://cdn-icons-png.flaticon.com/128/4710/4710645.png,Book folding
272,https://cdn-icons-png.flaticon.com/128/3390/3390854.png,Bowling
273,https://cdn-icons-png.flaticon.com/128/6435/6435969.png,Boxing
274,https://cdn-icons-png.flaticon.com/128/14101/14101635.png,Bridge
275,https://cdn-icons-png.flaticon.com/128/1830/1830839.png,Cooking
276,https://cdn-icons-png.flaticon.com/128/14660/14660480.png,Checkers (draughts)
277,https://cdn-icons-png.flaticon.com/128/5351/5351733.png,Cheerleading
278,https://cdn-icons-png.flaticon.com/128/3854/3854627.png,Chess
279,https://cdn-icons-png.flaticon.com/128/11420/11420758.png,Color guard
280,https://cdn-icons-png.flaticon.com/128/10646/10646200.png,Cribbage
281,https://cdn-icons-png.flaticon.com/128/3105/3105395.png,Curling
282,https://cdn-icons-png.flaticon.com/128/3048/3048356.png,Dancing
283,https://cdn-icons-png.flaticon.com/128/6705/6705286.png,Debate
284,https://cdn-icons-png.flaticon.com/128/891/891970.png,Dominoes
285,https://cdn-icons-png.flaticon.com/128/3475/3475150.png,Eating
286,https://cdn-icons-png.flaticon.com/128/8037/8037151.png,Esports
287,https://cdn-icons-png.flaticon.com/128/2194/2194871.png,Fencing
288,https://cdn-icons-png.flaticon.com/128/619/619307.png,Figure Skating
289,https://cdn-icons-png.flaticon.com/128/5486/5486216.png,Go
290,https://cdn-icons-png.flaticon.com/128/4357/4357794.png,Ice hockey
291,https://cdn-icons-png.flaticon.com/128/15793/15793023.png,Ice skating
292,https://cdn-icons-png.flaticon.com/128/16272/16272307.png,Judo
293,https://cdn-icons-png.flaticon.com/128/14871/14871634.png,Jujitsu
294,https://cdn-icons-png.flaticon.com/128/11171/11171413.png,Kabaddi
295,,Knowledge/word games
296,https://cdn-icons-png.flaticon.com/128/6629/6629713.png,Laser tag
297,https://cdn-icons-png.flaticon.com/128/3204/3204021.png,Magic
298,https://cdn-icons-png.flaticon.com/128/594/594685.png,Mahjong
299,https://cdn-icons-png.flaticon.com/128/13470/13470581.png,Marbles
300,https://cdn-icons-png.flaticon.com/128/4515/4515602.png,Model racing
301,,Model United Nations
302,https://cdn-icons-png.flaticon.com/128/7960/7960355.png,Pinball
303,https://cdn-icons-png.flaticon.com/128/5537/5537635.png,Poker
304,https://cdn-icons-png.flaticon.com/128/10626/10626430.png,Pole dancing
305,https://cdn-icons-png.flaticon.com/128/1925/1925823.png,Pool
306,https://cdn-icons-png.flaticon.com/128/14480/14480458.png,Role-playing games
307,,Rughooking
308,https://cdn-icons-png.flaticon.com/128/6920/6920175.png,Shogi
309,,Slot car racing
310,,Speedcubing
311,https://cdn-icons-png.flaticon.com/128/3266/3266894.png,Sport stacking
312,https://cdn-icons-png.flaticon.com/128/5222/5222509.png,Table football
313,,Table tennis
314,https://cdn-icons-png.flaticon.com/128/808/808439.png,Video gaming
315,https://cdn-icons-png.flaticon.com/128/1509/1509638.png,VR gaming
316,https://cdn-icons-png.flaticon.com/128/1296/1296839.png,Weightlifting
317,https://cdn-icons-png.flaticon.com/128/4658/4658048.png,Wrestling
318,https://cdn-icons-png.flaticon.com/128/11844/11844457.png,Association football
319,https://cdn-icons-png.flaticon.com/128/18813/18813251.png,Australian rules football
320,https://cdn-icons-png.flaticon.com/128/3295/3295243.png,Auto racing
321,https://cdn-icons-png.flaticon.com/128/7439/7439270.png,Beach volleyball
322,https://cdn-icons-png.flaticon.com/128/17957/17957994.png,Breakdancing
323,https://cdn-icons-png.flaticon.com/128/2534/2534356.png,capoeira
324,https://cdn-icons-png.flaticon.com/128/3990/3990205.png,Cornhole
325,https://cdn-icons-png.flaticon.com/128/1099/1099680.png,Cricket
326,https://cdn-icons-png.flaticon.com/128/820/820023.png,Disc golf
327,https://cdn-icons-png.flaticon.com/128/2219/2219856.png,Dog sport
328,https://cdn-icons-png.flaticon.com/128/15179/15179998.png,Equestrianism
329,,Exhibition drill
330,https://cdn-icons-png.flaticon.com/128/2461/2461430.png,Field hockey
331,https://cdn-icons-png.flaticon.com/128/1218/1218260.png,Figure skating
332,https://cdn-icons-png.flaticon.com/128/1719/1719714.png,Fitness
333,https://cdn-icons-png.flaticon.com/128/5921/5921473.png,Footbag
334,https://cdn-icons-png.flaticon.com/128/4598/4598450.png,Frisbee
335,https://cdn-icons-png.flaticon.com/128/14676/14676682.png,Rugby league football
336,https://cdn-icons-png.flaticon.com/128/3553/3553209.png,Shooting sports
337,,Sled dog racing
338,https://cdn-icons-png.flaticon.com/128/6703/6703339.png,Softball
339,https://cdn-icons-png.flaticon.com/128/3005/3005938.png,Speed skating
340,https://cdn-icons-png.flaticon.com/128/2265/2265136.png,Squash
341,https://cdn-icons-png.flaticon.com/128/13715/13715209.png,Tennis polo
342,,Tether car
343,https://cdn-icons-png.flaticon.com/128/13253/13253471.png,Tour skating
344,,Trapshooting
345,https://cdn-icons-png.flaticon.com/128/3344/3344156.png,Triathlon
346,https://cdn-icons-png.flaticon.com/128/17153/17153484.png,Ultimate frisbee
347,https://cdn-icons-png.flaticon.com/128/7413/7413401.png,Water polo
348,https://cdn-icons-png.flaticon.com/128/2514/2514078.png,Golfing
349,https://cdn-icons-png.flaticon.com/128/9537/9537923.png,Horsemanship
350,https://cdn-icons-png.flaticon.com/128/3639/3639297.png,Horseshoes
351,,Iceboat racing
352,,Jukskei
353,https://cdn-icons-png.flaticon.com/128/1506/1506345.png,Kart racing
354,https://cdn-icons-png.flaticon.com/128/2788/2788740.png,Knife throwing
355,https://cdn-icons-png.flaticon.com/128/3343/3343559.png,Long-distance running
356,https://cdn-icons-png.flaticon.com/128/11622/11622321.png,Marching band
357,https://cdn-icons-png.flaticon.com/128/586/586515.png,Mini Golf
358,https://cdn-icons-png.flaticon.com/128/2306/2306651.png,Model aircraft
359,https://cdn-icons-png.flaticon.com/128/9223/9223702.png,Powerboat racing
360,,Quidditch
361,https://cdn-icons-png.flaticon.com/128/13265/13265970.png,Race walking
362,https://cdn-icons-png.flaticon.com/128/8526/8526597.png,Racquetball
363,https://cdn-icons-png.flaticon.com/128/6173/6173474.png,Radio-controlled car racing
364,https://cdn-icons-png.flaticon.com/128/14108/14108271.png,Roller derby
365,https://cdn-icons-png.flaticon.com/128/12889/12889532.png,Audiophile
366,https://cdn-icons-png.flaticon.com/128/6485/6485651.png,Ant farming
367,https://cdn-icons-png.flaticon.com/128/13507/13507820.png,Fishkeeping
368,https://cdn-icons-png.flaticon.com/128/4185/4185714.png,Learning
369,https://cdn-icons-png.flaticon.com/128/2906/2906496.png,Meditation
370,https://cdn-icons-png.flaticon.com/128/17103/17103439.png,Microscopy
371,https://cdn-icons-png.flaticon.com/128/4072/4072217.png,Reading
372,,Shortwave listening
373,,Aircraft spotting
374,,Amateur astronomy
375,https://cdn-icons-png.flaticon.com/128/4923/4923178.png,Benchmarking
376,,Bus spotting[22
377,https://cdn-icons-png.flaticon.com/128/5601/5601266.png,People-watching
378,,Satellite watching
379,,Trainspotting
380,https://cdn-icons-png.flaticon.com/128/12690/12690937.png,Whale watching
381,,Butterfly watching
382,,Gongoozling
383,,Hiking/backpacking
